{
    "mean_pnl": -0.3263961186756151,
    "std_pnl": 0.6144405504847431,
    "sharpe_ratio": -0.531208614252476,
    "var_95": -1.3269107933972202,
    "avg_costs": 0.3539940219091213,
    "avg_trades": 101.0,
    "max_loss": -1.5976002190321168,
    "max_gain": 0.9267365930017775
}