{
    "mean_pnl": -0.7097551834061733,
    "std_pnl": 0.0,
    "sharpe_ratio": -70975518.34061733,
    "var_95": -0.7097551834061733,
    "avg_costs": 0.6751400146484376,
    "avg_trades": 253.0,
    "max_loss": -0.7097551834061733,
    "max_gain": -0.7097551834061733
}